#,Company,Symbol,Weight,Price,Chg,% Chg
1,Apple Inc,AAPL,7.716857,192.42,-1.55,(-0.80%)
2,Microsoft Corp,MSFT,6.813388,337.9,-2.64,(-0.78%)
3,Amazon.com Inc,AMZN,3.131198,130.44,0.08,(0.06%)
4,Nvidia Corp,NVDA,2.815094,424.16,1.14,(0.27%)
5,Alphabet Inc Cl A,GOOGL,1.913546,119.62,-0.09,(-0.07%)
6,Tesla Inc,TSLA,1.897653,278.79,17.02,(6.50%)
7,Meta Platforms Inc Class A,META,1.708238,285.85,-1.13,(-0.39%)
8,Alphabet Inc Cl C,GOOG,1.663473,120.43,-0.55,(-0.45%)
9,Berkshire Hathaway Inc Cl B,BRK.B,1.636312,341.87,0.87,(0.25%)
10,Unitedhealth Group Inc,UNH,1.204103,478.32,-2.32,(-0.48%)
11,Exxon Mobil Corp,XOM,1.166774,107.35,0.1,(0.09%)
12,Johnson & Johnson,JNJ,1.157439,163.57,-1.95,(-1.18%)
13,Jpmorgan Chase & Co,JPM,1.143647,146.85,1.41,(0.97%)
14,Visa Inc Class a Shares,V,1.034066,237.9,0.42,(0.17%)
15,Eli Lilly & Co,LLY,0.994053,462.25,-6.73,(-1.44%)
16,Broadcom Inc,AVGO,0.974235,875.63,8.2,(0.94%)
17,Procter & Gamble Co,PG,0.962099,152.72,0.98,(0.65%)
18,Mastercard Inc A,MA,0.885536,394.51,1.21,(0.31%)
19,Home Depot Inc,HD,0.846464,310.1,-0.54,(-0.17%)
20,Merck & Co. Inc.,MRK,0.787852,114.4,-0.99,(-0.86%)
21,Chevron Corp,CVX,0.737845,157.07,-0.28,(-0.18%)
22,Pepsico Inc,PEP,0.685615,185.17,-0.06,(-0.03%)
23,Costco Wholesale Corp,COST,0.642077,540.81,2.43,(0.45%)
24,Abbvie Inc,ABBV,0.640333,134.62,-0.11,(-0.08%)
25,Coca Cola Co,KO,0.629935,60.55,0.33,(0.55%)
26,Adobe Inc,ADBE,0.603578,484.74,-4.25,(-0.87%)
27,Walmart Inc,WMT,0.592419,158.21,1.03,(0.65%)
28,Mcdonald S Corp,MCD,0.587351,295.2,-3.21,(-1.08%)
29,Cisco Systems Inc,CSCO,0.57123,51.74,-0.01,(-0.01%)
30,Pfizer Inc,PFE,0.557188,36.66,-0.02,(-0.05%)
31,Salesforce Inc,CRM,0.556542,210.96,-0.3,(-0.14%)
32,Thermo Fisher Scientific Inc,TMO,0.541521,532.17,10.42,(2.00%)
33,Bank of America Corp,BAC,0.535237,29.21,0.52,(1.80%)
34,Netflix Inc,NFLX,0.527201,440.8,0.31,(0.07%)
35,Accenture Plc Cl A,ACN,0.524395,311.03,2.45,(0.79%)
36,Abbott Laboratories,ABT,0.510858,107.93,-1.09,(-1.00%)
37,Linde Plc,LIN,0.502042,378.39,-2.69,(-0.71%)
38,Advanced Micro Devices,AMD,0.493605,115.38,1.47,(1.29%)
39,Oracle Corp,ORCL,0.493138,117.27,-1.82,(-1.53%)
40,Comcast Corp Class A,CMCSA,0.461789,41.64,0.09,(0.22%)
41,Texas Instruments Inc,TXN,0.438373,179.4,-0.62,(-0.35%)
42,Walt Disney Co,DIS,0.438354,90.5,1.22,(1.37%)
43,Wells Fargo & Co,WFC,0.430922,43.65,0.97,(2.26%)
44,Danaher Corp,DHR,0.428878,240.67,0.67,(0.28%)
45,Verizon Communications Inc,VZ,0.419811,37.32,0.13,(0.34%)
46,Philip Morris International,PM,0.406747,98.55,0.93,(0.95%)
47,Nextera Energy Inc,NEE,0.403995,74.14,-0.06,(-0.08%)
48,Raytheon Technologies Corp,RTX,0.385681,98.63,0.67,(0.68%)
49,Intel Corp,INTC,0.375312,33.54,0.1,(0.29%)
50,Honeywell International Inc,HON,0.37258,208.35,0.85,(0.41%)
51,Nike Inc Cl B,NKE,0.365915,109.13,-1.24,(-1.13%)
52,Lowe S Cos Inc,LOW,0.362187,224.48,-1.22,(-0.54%)
53,Bristol Myers Squibb Co,BMY,0.36151,64.59,0.64,(1.00%)
54,Qualcomm Inc,QCOM,0.356654,119.51,0.47,(0.39%)
55,S&p Global Inc,SPGI,0.354685,397.02,-3.87,(-0.97%)
56,United Parcel Service Cl B,UPS,0.349577,183.83,4.58,(2.56%)
57,Intuit Inc,INTU,0.34647,452.25,-5.94,(-1.30%)
58,Caterpillar Inc,CAT,0.341194,247.71,1.66,(0.67%)
59,Conocophillips,COP,0.337364,104.37,0.76,(0.73%)
60,Union Pacific Corp,UNP,0.336469,210.2,5.58,(2.73%)
62,Applied Materials Inc,AMAT,0.327534,144.94,0.4,(0.28%)
63,Intl Business Machines Corp,IBM,0.326957,133.67,-0.15,(-0.11%)
64,Intuitive Surgical Inc,ISRG,0.322028,335.92,-6.02,(-1.76%)
65,Boeing Co,BA,0.321306,210.78,-0.38,(-0.18%)
66,General Electric Co,GE,0.321082,108.6,-1.25,(-1.14%)
67,Amgen Inc,AMGN,0.318644,224.73,2.71,(1.22%)
68,Medtronic Plc,MDT,0.314969,87.21,-0.9,(-1.02%)
69,Servicenow Inc,NOW,0.308115,562.21,0.24,(0.04%)
70,Starbucks Corp,SBUX,0.305983,99.31,0.25,(0.25%)
71,At&t Inc,T,0.305591,16.13,0.18,(1.10%)
72,Prologis Inc,PLD,0.303784,123.88,1.25,(1.02%)
73,Morgan Stanley,MS,0.299853,86.65,1.25,(1.46%)
74,Deere & Co,DE,0.294473,406.74,1.55,(0.38%)
75,Goldman Sachs Group Inc,GS,0.288521,326.61,4.07,(1.26%)
76,Elevance Health Inc,ELV,0.283384,445.0,0.71,(0.16%)
77,Lockheed Martin Corp,LMT,0.279195,460.5,0.12,(0.03%)
78,American Express Co,AXP,0.278627,174.31,0.11,(0.06%)
79,Blackrock Inc,BLK,0.278589,695.75,4.61,(0.67%)
80,Stryker Corp,SYK,0.276495,298.21,-6.88,(-2.26%)
81,Booking Holdings Inc,BKNG,0.268355,2719.93,19.6,(0.73%)
82,Mondelez International Inc A,MDLZ,0.267308,73.52,0.58,(0.80%)
83,Analog Devices Inc,ADI,0.265377,192.9,-1.91,(-0.98%)
84,Tjx Companies Inc,TJX,0.263256,84.18,-0.61,(-0.71%)
85,Gilead Sciences Inc,GILD,0.258307,76.36,-0.71,(-0.92%)
86,Marsh & Mclennan Cos,MMC,0.250302,185.47,-2.62,(-1.39%)
87,Automatic Data Processing,ADP,0.244743,218.68,-1.11,(-0.50%)
88,Vertex Pharmaceuticals Inc,VRTX,0.243183,350.31,-1.6,(-0.46%)
89,American Tower Corp,AMT,0.242328,194.98,1.04,(0.53%)
90,Citigroup Inc,C,0.241174,46.84,0.8,(1.74%)
91,Cvs Health Corp,CVS,0.238579,69.85,0.72,(1.04%)
92,Lam Research Corp,LRCX,0.233084,649.5,6.64,(1.03%)
93,Schwab (Charles) Corp,SCHW,0.226648,57.76,1.08,(1.91%)
94,The Cigna Group,CI,0.223384,278.62,-1.99,(-0.71%)
95,Altria Group Inc,MO,0.217359,45.83,0.53,(1.16%)
96,Zoetis Inc,ZTS,0.215341,172.54,0.33,(0.19%)
97,T Mobile Us Inc,TMUS,0.21527,139.3,0.4,(0.29%)
98,Eaton Corp Plc,ETN,0.214975,200.69,-0.41,(-0.20%)
99,Chubb Ltd,CB,0.214442,192.35,-0.21,(-0.11%)
100,Fiserv Inc,FI,0.209542,126.66,0.51,(0.40%)
101,Boston Scientific Corp,BSX,0.209251,53.57,-0.52,(-0.96%)
102,Palo Alto Networks Inc,PANW,0.208036,254.5,-1.01,(-0.40%)
103,Progressive Corp,PGR,0.207828,132.69,0.32,(0.24%)
104,Regeneron Pharmaceuticals,REGN,0.207597,717.13,-1.41,(-0.20%)
105,Southern Co,SO,0.20523,70.35,0.1,(0.14%)
106,Becton Dickinson and Co,BDX,0.201301,261.63,-2.38,(-0.90%)
107,Paypal Holdings Inc,PYPL,0.200333,68.08,1.35,(2.02%)
108,Equinix Inc,EQIX,0.197298,781.81,-2.13,(-0.27%)
109,Aon Plc Class A,AON,0.1905,338.78,-6.43,(-1.86%)
110,Schlumberger Ltd,SLB,0.187509,49.33,0.21,(0.44%)
111,Illinois Tool Works,ITW,0.186593,228.35,-21.8,(-8.72%)
112,Csx Corp,CSX,0.186549,34.38,0.28,(0.83%)
113,Duke Energy Corp,DUK,0.185463,90.84,1.1,(1.22%)
114,Micron Technology Inc,MU,0.185102,63.8,0.69,(1.09%)
115,Kla Corp,KLAC,0.180462,480.18,-4.84,(-1.00%)
116,Eog Resources Inc,EOG,0.180354,114.8,0.36,(0.32%)
117,Cme Group Inc,CME,0.178875,183.45,-1.84,(-1.00%)
118,Synopsys Inc,SNPS,0.178376,433.4,-2.02,(-0.46%)
119,Air Products & Chemicals Inc,APD,0.17827,299.44,-0.09,(-0.03%)
120,Northrop Grumman Corp,NOC,0.176185,457.16,1.36,(0.30%)
121,Waste Management Inc,WM,0.173036,171.8,-1.62,(-0.94%)
122,Colgate Palmolive Co,CL,0.172913,77.32,0.28,(0.36%)
123,Cadence Design Sys Inc,CDNS,0.172882,235.48,0.96,(0.41%)
124,Intercontinental Exchange In,ICE,0.169856,112.9,-0.18,(-0.16%)
125,Hca Healthcare Inc,HCA,0.168478,295.48,-8.0,(-2.64%)
126,Sherwin Williams Co,SHW,0.168252,241.78,-23.7,(-8.94%)
127,Target Corp,TGT,0.162911,134.58,2.68,(2.03%)
128,Activision Blizzard Inc,ATVI,0.161382,83.49,-0.81,(-0.97%)
129,Ford Motor Co,F,0.159752,15.23,0.1,(0.66%)
130,Chipotle Mexican Grill Inc,CMG,0.158583,2136.81,-2.19,(-0.10%)
131,Mckesson Corp,MCK,0.157255,414.45,-12.9,(-3.01%)
132,O Reilly Automotive Inc,ORLY,0.156451,946.17,-9.13,(-0.96%)
133,Fedex Corp,FDX,0.154693,248.28,0.38,(0.15%)
134,Edwards Lifesciences Corp,EW,0.153878,91.5,-2.83,(-3.00%)
135,Freeport Mcmoran Inc,FCX,0.153673,40.96,0.96,(2.39%)
136,Humana Inc,HUM,0.150193,445.13,-2.0,(-0.45%)
137,3m Co W/d,MMM,0.148446,101.16,1.07,(1.07%)
138,Moody S Corp,MCO,0.146715,346.26,-1.47,(-0.42%)
139,General Motors Co,GM,0.144524,39.03,0.47,(1.22%)
140,Nxp Semiconductors Nv,NXPI,0.142323,206.7,2.02,(0.98%)
141,Norfolk Southern Corp,NSC,0.138835,229.93,3.17,(1.40%)
142,Emerson Electric Co,EMR,0.138807,90.73,0.34,(0.38%)
143,Roper Technologies Inc,ROP,0.136876,477.08,-3.72,(-0.77%)
144,Pnc Financial Services Group,PNC,0.136268,127.65,1.7,(1.35%)
145,Amphenol Corp Cl A,APH,0.135661,84.05,-0.9,(-1.06%)
146,Parker Hannifin Corp,PH,0.134474,390.99,0.95,(0.24%)
147,Dexcom Inc,DXCM,0.133208,127.02,-1.49,(-1.16%)
148,Marathon Petroleum Corp,MPC,0.133119,116.77,0.17,(0.15%)
149,Crown Castle Inc,CCI,0.132402,116.11,2.17,(1.90%)
150,Microchip Technology Inc,MCHP,0.13192,90.49,0.9,(1.00%)
151,Motorola Solutions Inc,MSI,0.131817,292.65,-0.63,(-0.21%)
152,Fortinet Inc,FTNT,0.131535,75.09,-0.5,(-0.66%)
153,Pioneer Natural Resources Co,PXD,0.130296,207.26,0.08,(0.04%)
154,General Dynamics Corp,GD,0.130122,217.76,2.61,(1.21%)
155,Marriott International Cl A,MAR,0.127453,184.27,0.58,(0.32%)
156,Arthur J Gallagher & Co,AJG,0.126562,216.23,-3.34,(-1.52%)
157,Johnson Controls Internation,JCI,0.125489,67.93,-0.22,(-0.32%)
158,Kimberly Clark Corp,KMB,0.125231,138.51,0.45,(0.33%)
159,Transdigm Group Inc,TDG,0.124659,895.32,1.15,(0.13%)
160,Ecolab Inc,ECL,0.124347,186.62,-0.07,(-0.04%)
161,Public Storage,PSA,0.123993,294.5,2.62,(0.90%)
162,Us Bancorp,USB,0.123723,33.6,0.56,(1.68%)
163,Autozone Inc,AZO,0.123469,2438.3,-55.1,(-2.21%)
164,Estee Lauder Companies Cl A,EL,0.122275,197.9,1.52,(0.77%)
165,Sempra Energy,SRE,0.121815,144.76,-0.83,(-0.57%)
166,General Mills Inc,GIS,0.121506,76.64,-0.07,(-0.08%)
167,Te Connectivity Ltd,TEL,0.119841,140.46,0.3,(0.21%)
168,Autodesk Inc,ADSK,0.118737,202.04,-2.57,(-1.26%)
169,Trane Technologies Plc,TT,0.118142,191.31,0.05,(0.02%)
170,Phillips 66,PSX,0.11777,95.71,0.33,(0.35%)
171,Monster Beverage Corp,MNST,0.117413,56.81,-0.63,(-1.10%)
172,Paccar Inc,PCAR,0.117114,83.66,0.01,(0.01%)
173,American Electric Power,AEP,0.116104,85.05,0.85,(1.01%)
174,Dominion Energy Inc,D,0.115998,52.25,0.46,(0.89%)
175,Cintas Corp,CTAS,0.115409,489.0,-8.08,(-1.63%)
176,Occidental Petroleum Corp,OXY,0.114694,59.09,0.29,(0.49%)
177,Valero Energy Corp,VLO,0.114111,117.84,0.54,(0.46%)
178,Capital One Financial Corp,COF,0.112266,111.2,1.83,(1.67%)
179,Iqvia Holdings Inc,IQV,0.112061,220.5,-4.28,(-1.90%)
180,American International Group,AIG,0.112061,58.06,0.52,(0.90%)
181,Carrier Global Corp,CARR,0.11187,50.1,0.39,(0.78%)
182,Idexx Laboratories Inc,IDXX,0.111867,493.78,-8.46,(-1.68%)
183,Nucor Corp,NUE,0.111492,166.5,2.52,(1.54%)
184,Archer Daniels Midland Co,ADM,0.111356,76.85,1.29,(1.71%)
185,Biogen Inc,BIIB,0.110397,282.37,-2.49,(-0.87%)
186,Corteva Inc,CTVA,0.109987,58.0,0.7,(1.22%)
187,On Semiconductor,ON,0.109563,96.73,2.15,(2.27%)
188,Exelon Corp,EXC,0.108812,40.82,0.08,(0.20%)
189,Realty Income Corp,O,0.108314,60.23,0.44,(0.73%)
190,Welltower Inc,WELL,0.108179,81.49,0.6,(0.74%)
191,Truist Financial Corp,TFC,0.108063,31.23,0.88,(2.88%)
192,Travelers Cos Inc,TRV,0.107875,173.2,-0.46,(-0.26%)
193,Arista Networks Inc,ANET,0.107818,159.96,-2.1,(-1.30%)
194,Moderna Inc,MRNA,0.107692,121.45,-0.06,(-0.05%)
195,Constellation Brands Inc A,STZ,0.107161,247.23,1.1,(0.45%)
196,Williams Cos Inc,WMB,0.106335,32.7,0.07,(0.20%)
197,Copart Inc,CPRT,0.104892,90.61,-0.6,(-0.66%)
198,Yum Brands Inc,YUM,0.10469,138.21,-0.34,(-0.25%)
199,Hilton Worldwide Holdings In,HLT,0.104223,145.52,-0.03,(-0.02%)
200,Charter Communications Inc A,CHTR,0.103973,365.8,-1.57,(-0.43%)
201,Ross Stores Inc,ROST,0.103743,111.16,-0.97,(-0.87%)
202,Aflac Inc,AFL,0.103272,69.83,0.03,(0.04%)
203,Dr Horton Inc,DHI,0.102173,120.35,-1.34,(-1.11%)
204,Simon Property Group Inc,SPG,0.101479,117.06,1.58,(1.37%)
205,Hess Corp,HES,0.101376,137.7,1.75,(1.29%)
206,Rockwell Automation Inc,ROK,0.101253,336.13,6.68,(2.03%)
207,Sysco Corp,SYY,0.101082,77.52,3.32,(4.48%)
208,Msci Inc,MSCI,0.100744,472.75,3.46,(0.74%)
209,Dow Inc,DOW,0.10059,53.79,0.53,(0.99%)
210,Dollar General Corp,DG,0.100105,170.75,0.97,(0.57%)
211,L3harris Technologies Inc,LHX,0.100073,197.87,2.1,(1.07%)
212,Ametek Inc,AME,0.099922,161.22,-0.66,(-0.41%)
213,Otis Worldwide Corp,OTIS,0.099872,88.57,-0.44,(-0.49%)
214,Centene Corp,CNC,0.09983,67.09,-0.36,(-0.54%)
215,Hershey Co,HSY,0.098653,251.79,2.09,(0.84%)
216,Metlife Inc,MET,0.097854,57.5,0.97,(1.72%)
217,Costar Group Inc,CSGP,0.097147,88.3,-0.7,(-0.79%)
218,Paychex Inc,PAYX,0.096288,110.92,-0.95,(-0.85%)
219,Agilent Technologies Inc,A,0.09551,119.38,-0.88,(-0.73%)
220,Ww Grainger Inc,GWW,0.0955,783.67,-4.92,(-0.62%)
221,Ameriprise Financial Inc,AMP,0.093932,335.24,3.08,(0.93%)
222,Ppg Industries Inc,PPG,0.093217,212.73,64.43,(43.45%)
223,Cummins Inc,CMI,0.093092,251.72,6.56,(2.68%)
224,Xcel Energy Inc,XEL,0.091303,62.88,0.71,(1.14%)
225,Kinder Morgan Inc,KMI,0.091291,17.2,-0.03,(-0.15%)
226,Newmont Corp,NEM,0.091011,42.83,0.17,(0.40%)
227,Electronic Arts Inc,EA,0.090789,130.09,0.39,(0.30%)
228,Fastenal Co,FAST,0.090507,58.49,-0.5,(-0.85%)
229,Old Dominion Freight Line,ODFL,0.089886,367.18,-2.57,(-0.70%)
230,Cognizant Tech Solutions A,CTSH,0.089284,65.66,0.38,(0.58%)
231,Digital Realty Trust Inc,DLR,0.089273,117.05,3.18,(2.80%)
232,Verisk Analytics Inc,VRSK,0.088055,223.14,-2.89,(-1.28%)
233,Dupont De Nemours Inc,DD,0.08797,71.62,0.18,(0.24%)
234,Bank of New York Mellon Corp,BK,0.087505,45.1,0.58,(1.30%)
235,Prudential Financial Inc,PRU,0.087098,89.01,0.79,(0.90%)
236,Fidelity National Info Serv,FIS,0.087095,59.0,4.3,(7.86%)
237,Resmed Inc,RMD,0.085941,216.5,-2.0,(-0.92%)
238,Lennar Corp A,LEN,0.085422,125.44,0.13,(0.10%)
239,Ge Healthcare Technology,GEHC,0.085399,80.2,-1.04,(-1.28%)
240,Baker Hughes Co,BKR,0.084969,31.6,-0.01,(-0.03%)
241,Vici Properties Inc,VICI,0.084787,31.86,0.43,(1.35%)
242,Devon Energy Corp,DVN,0.084609,48.82,0.48,(0.98%)
243,Consolidated Edison Inc,ED,0.084299,90.96,0.56,(0.61%)
244,Republic Services Inc,RSG,0.084151,151.52,-1.66,(-1.08%)
245,Public Service Enterprise Gp,PEG,0.083847,63.25,0.64,(1.02%)
246,Amerisourcebergen Corp,ABC,0.083644,189.46,-2.97,(-1.54%)
247,United Rentals Inc,URI,0.082788,448.74,3.37,(0.76%)
248,Kroger Co,KR,0.082184,47.2,0.2,(0.43%)
249,Zimmer Biomet Holdings Inc,ZBH,0.08197,142.98,-2.62,(-1.80%)
250,Delta Air Lines Inc,DAL,0.081936,48.02,0.48,(1.01%)
251,Keysight Technologies In,KEYS,0.080562,166.93,-0.53,(-0.31%)
252,Vulcan Materials Co,VMC,0.0804,223.39,-2.05,(-0.91%)
253,Halliburton Co,HAL,0.080375,33.69,0.7,(2.12%)
254,Constellation Energy,CEG,0.080314,90.44,-1.11,(-1.22%)
255,Dollar Tree Inc,DLTR,0.080178,146.71,3.21,(2.23%)
256,Discover Financial Services,DFS,0.079841,118.28,1.43,(1.22%)
257,Illumina Inc,ILMN,0.079144,188.3,0.81,(0.43%)
258,Mettler Toledo International,MTD,0.078342,1310.62,-1.02,(-0.08%)
259,Allstate Corp,ALL,0.077575,110.48,1.44,(1.32%)
260,Ansys Inc,ANSS,0.077328,326.86,-3.41,(-1.03%)
261,Equifax Inc,EFX,0.077309,229.03,-6.27,(-2.66%)
262,Martin Marietta Materials,MLM,0.077043,456.33,-5.36,(-1.16%)
263,West Pharmaceutical Services,WST,0.076089,378.12,-4.36,(-1.14%)
264,Kraft Heinz Co,KHC,0.075622,35.89,0.39,(1.10%)
265,Quanta Services Inc,PWR,0.075492,195.72,-0.73,(-0.37%)
266,Wec Energy Group Inc,WEC,0.07469,89.17,0.93,(1.05%)
267,P G & E Corp,PCG,0.074666,17.21,-0.08,(-0.43%)
268,Warner Bros Discovery Inc,WBD,0.074485,12.95,0.41,(3.27%)
269,Arch Capital Group Ltd,ACGL,0.074306,74.04,-0.82,(-1.09%)
270,Aptiv Plc,APTV,0.074224,103.09,1.0,(0.98%)
271,Gartner Inc,IT,0.074106,347.17,-3.14,(-0.90%)
272,American Water Works Co Inc,AWK,0.074052,143.66,0.91,(0.64%)
273,Oneok Inc,OKE,0.074031,61.46,-0.26,(-0.43%)
274,Xylem Inc,XYL,0.072098,111.84,-0.78,(-0.69%)
275,Corning Inc,GLW,0.071696,35.08,0.04,(0.10%)
276,Hp Inc,HPQ,0.071343,30.66,-0.06,(-0.18%)
277,Ingersoll Rand Inc,IR,0.071128,65.26,-0.11,(-0.16%)
278,Avalonbay Communities Inc,AVB,0.071095,190.93,1.66,(0.88%)
279,Keurig Dr Pepper Inc,KDP,0.071028,31.5,0.23,(0.74%)
280,Fortive Corp,FTV,0.070963,73.9,-0.88,(-1.17%)
281,Edison International,EIX,0.070416,68.95,-0.5,(-0.72%)
282,Albemarle Corp,ALB,0.070132,229.93,6.84,(3.07%)
283,Global Payments Inc,GPN,0.069652,103.53,5.01,(5.09%)
284,Align Technology Inc,ALGN,0.06877,333.27,-20.4,(-5.76%)
285,Cbre Group Inc A,CBRE,0.068392,85.05,4.34,(5.38%)
286,Willis Towers Watson Plc,WTW,0.067553,233.54,-1.97,(-0.83%)
287,T Rowe Price Group Inc,TROW,0.067551,111.42,-0.61,(-0.54%)
288,Sba Communications Corp,SBAC,0.067262,233.79,2.03,(0.88%)
289,Cdw Corp/de,CDW,0.066762,183.16,-0.35,(-0.19%)
290,Weyerhaeuser Co,WY,0.06652,33.6,0.09,(0.27%)
291,Eversource Energy,ES,0.066389,70.99,0.07,(0.10%)
292,State Street Corp,STT,0.065817,70.69,-2.5,(-3.41%)
293,Church & Dwight Co Inc,CHD,0.065699,100.23,-0.01,(-0.00%)
294,Tractor Supply Company,TSCO,0.0656,218.24,-2.86,(-1.29%)
295,Cardinal Health Inc,CAH,0.065451,94.72,0.15,(0.16%)
296,Ebay Inc,EBAY,0.06505,44.95,0.26,(0.58%)
297,Monolithic Power Systems Inc,MPWR,0.065011,522.49,-17.7,(-3.28%)
298,Diamondback Energy Inc,FANG,0.064851,131.82,0.46,(0.35%)
299,Ulta Beauty Inc,ULTA,0.064608,477.03,6.43,(1.37%)
300,Genuine Parts Co,GPC,0.0642,168.04,-1.19,(-0.71%)
301,Take Two Interactive Softwre,TTWO,0.062714,147.67,0.51,(0.34%)
302,Lyondellbasell Indu Cl A,LYB,0.062485,92.75,0.92,(1.00%)
303,Baxter International Inc,BAX,0.061804,44.9,-0.66,(-1.46%)
304,Hartford Financial Svcs Grp,HIG,0.061423,72.32,0.3,(0.42%)
305,Enphase Energy Inc,ENPH,0.061201,169.43,1.95,(1.16%)
306,Dte Energy Company,DTE,0.061018,111.29,1.27,(1.15%)
307,Royal Caribbean Cruises Ltd,RCL,0.060767,103.07,-0.67,(-0.65%)
308,Equity Residential,EQR,0.060388,66.51,0.54,(0.81%)
309,Steris Plc,STE,0.059892,213.37,-11.6,(-5.16%)
310,Mccormick & Co Non Vtg Shrs,MKC,0.058668,89.81,2.58,(2.95%)
311,Hewlett Packard Enterprise,HPE,0.058146,16.64,-0.17,(-0.98%)
312,Southwest Airlines Co,LUV,0.057703,36.93,0.72,(1.99%)
313,Laboratory Crp of Amer Hldgs,LH,0.057392,206.38,-35.0,(-14.48%)
314,Ameren Corporation,AEE,0.056685,82.91,1.24,(1.51%)
315,Firstenergy Corp,FE,0.056456,38.97,0.09,(0.23%)
316,M & T Bank Corp,MTB,0.056283,127.2,3.44,(2.78%)
317,Verisign Inc,VRSN,0.0556,223.08,-2.89,(-1.28%)
318,Dover Corp,DOV,0.055577,147.24,-0.41,(-0.28%)
319,Entergy Corp,ETR,0.055399,98.22,0.85,(0.87%)
320,Walgreens Boots Alliance Inc,WBA,0.054871,29.01,0.52,(1.83%)
321,Darden Restaurants Inc,DRI,0.054743,167.56,0.48,(0.29%)
322,Fair Isaac Corp,FICO,0.054708,794.94,-14.3,(-1.76%)
323,Intl Flavors & Fragrances,IFF,0.054452,81.08,1.49,(1.87%)
324,Hologic Inc,HOLX,0.054225,79.87,-1.1,(-1.35%)
325,Insulet Corp,PODD,0.053939,283.34,-5.0,(-1.74%)
326,Raymond James Financial Inc,RJF,0.05375,103.32,-0.45,(-0.44%)
327,Extra Space Storage Inc,EXR,0.053601,150.46,1.61,(1.08%)
328,Invitation Homes Inc,INVH,0.053338,34.9,0.5,(1.44%)
329,Wabtec Corp,WAB,0.05333,109.42,-0.25,(-0.23%)
330,Clorox Company,CLX,0.052811,161.06,2.02,(1.27%)
331,Broadridge Financial Solutio,BR,0.052293,164.0,-1.63,(-0.99%)
332,Ppl Corp,PPL,0.052046,26.55,0.09,(0.34%)
333,Omnicom Group,OMC,0.052043,96.37,1.22,(1.29%)
334,Teledyne Technologies Inc,TDY,0.05179,411.17,0.06,(0.02%)
335,Nvr Inc,NVR,0.051587,6224.0,-127.0,(-1.99%)
336,Coterra Energy Inc,CTRA,0.051566,25.16,-0.14,(-0.55%)
337,Las Vegas Sands Corp,LVS,0.050962,58.6,0.6,(1.03%)
338,Cooper Cos Inc,COO,0.050827,377.0,-6.43,(-1.68%)
339,Ventas Inc,VTR,0.050819,48.28,1.01,(2.13%)
340,Carnival Corp,CCL,0.05072,18.94,0.11,(0.58%)
341,First Solar Inc,FSLR,0.050571,191.01,0.92,(0.48%)
342,Expeditors Intl Wash Inc,EXPD,0.049799,121.77,0.64,(0.53%)
343,Fleetcor Technologies Inc,FLT,0.049696,253.53,2.45,(0.98%)
344,Centerpoint Energy Inc,CNP,0.049323,29.19,0.04,(0.12%)
345,Howmet Aerospace Inc,HWM,0.048944,49.49,-0.08,(-0.15%)
346,Ball Corp,BALL,0.04893,58.55,0.34,(0.58%)
347,Steel Dynamics Inc,STLD,0.048483,111.13,2.2,(2.02%)
348,Fifth Third Bancorp,FITB,0.048266,26.64,0.43,(1.64%)
349,United Airlines Holdings Inc,UAL,0.048137,54.96,0.09,(0.16%)
350,Alexandria Real Estate Equit,ARE,0.048046,116.32,2.83,(2.49%)
351,Skyworks Solutions Inc,SWKS,0.04744,111.52,0.83,(0.75%)
352,Mid America Apartment Comm,MAA,0.047156,154.74,2.88,(1.90%)
353,Pultegroup Inc,PHM,0.047074,78.05,0.37,(0.48%)
354,Molina Healthcare Inc,MOH,0.046865,303.53,2.29,(0.76%)
355,Teradyne Inc,TER,0.046672,110.11,-1.22,(-1.10%)
356,Tyler Technologies Inc,TYL,0.046544,417.98,1.51,(0.36%)
357,Principal Financial Group,PFG,0.046303,76.41,0.57,(0.75%)
358,Kellogg Co,K,0.046298,66.25,-1.15,(-1.70%)
359,Cms Energy Corp,CMS,0.045989,59.95,1.2,(2.03%)
360,Targa Resources Corp,TRGP,0.045976,77.06,0.96,(1.26%)
361,Nasdaq Inc,NDAQ,0.045194,49.91,0.06,(0.12%)
362,Regions Financial Corp,RF,0.04486,18.25,0.43,(2.38%)
363,Atmos Energy Corp,ATO,0.044771,117.38,1.04,(0.89%)
364,Netapp Inc,NTAP,0.044535,76.42,0.02,(0.03%)
365,Iron Mountain Inc,IRM,0.0444,57.47,0.65,(1.14%)
366,Lamb Weston Holdings Inc,LW,0.044172,110.5,-4.45,(-3.87%)
367,Brown & Brown Inc,BRO,0.043489,67.47,-1.37,(-2.00%)
368,Best Buy Co Inc,BBY,0.043349,82.2,0.25,(0.31%)
369,Idex Corp,IEX,0.043342,212.89,-2.37,(-1.10%)
370,Garmin Ltd,GRMN,0.043016,103.71,-0.58,(-0.56%)
371,Conagra Brands Inc,CAG,0.042907,34.01,0.29,(0.86%)
372,Waters Corp,WAT,0.04264,265.15,-1.4,(-0.52%)
373,Jm Smucker Co,SJM,0.042388,150.67,3.0,(2.03%)
374,Expedia Group Inc,EXPE,0.041974,112.9,3.51,(3.20%)
375,Quest Diagnostics Inc,DGX,0.041939,139.19,-1.37,(-0.98%)
376,Paycom Software Inc,PAYC,0.041903,320.03,-1.21,(-0.38%)
377,Northern Trust Corp,NTRS,0.041528,74.9,0.76,(1.02%)
378,Cincinnati Financial Corp,CINF,0.04141,98.34,1.02,(1.04%)
379,Huntington Bancshares Inc,HBAN,0.041382,10.9,0.12,(1.11%)
380,Factset Research Systems Inc,FDS,0.041209,400.75,0.1,(0.03%)
381,Snap on Inc,SNA,0.041204,286.93,-1.26,(-0.44%)
382,Jacobs Solutions Inc,J,0.040988,119.37,0.48,(0.40%)
383,Zebra Technologies Corp Cl A,ZBRA,0.040968,297.77,1.94,(0.66%)
384,Ptc Inc,PTC,0.04071,140.43,-1.87,(-1.31%)
385,Solaredge Technologies Inc,SEDG,0.040435,270.21,1.16,(0.43%)
386,Revvity Inc,RVTY,0.040321,117.49,-1.31,(-1.10%)
387,Hunt (Jb) Transprt Svcs Inc,JBHT,0.040308,182.48,1.45,(0.80%)
388,Essex Property Trust Inc,ESS,0.040301,236.65,2.35,(1.00%)
389,Interpublic Group of Cos Inc,IPG,0.040221,38.97,0.39,(1.01%)
390,Eqt Corp,EQT,0.040145,41.07,-0.06,(-0.15%)
391,Amcor Plc,AMCR,0.04012,10.12,0.14,(1.35%)
392,Synchrony Financial,SYF,0.039823,34.33,0.41,(1.21%)
393,Lkq Corp,LKQ,0.039682,58.28,0.01,(0.01%)
394,Everest Re Group Ltd,RE,0.039461,340.44,-1.42,(-0.42%)
395,Pool Corp,POOL,0.039228,371.34,-3.31,(-0.88%)
396,Marathon Oil Corp,MRO,0.039199,22.97,-0.05,(-0.22%)
397,Tyson Foods Inc Cl A,TSN,0.039171,51.69,0.65,(1.27%)
398,Cboe Global Markets Inc,CBOE,0.038991,137.47,-0.55,(-0.39%)
399,Stanley Black & Decker Inc,SWK,0.038613,93.26,-0.45,(-0.48%)
400,Textron Inc,TXT,0.038206,66.77,-0.86,(-1.27%)
401,Akamai Technologies Inc,AKAM,0.038119,91.29,1.42,(1.57%)
402,Bunge Ltd,BG,0.038077,96.56,2.21,(2.34%)
403,Avery Dennison Corp,AVY,0.037702,173.52,1.72,(1.00%)
404,Aes Corp,AES,0.037217,20.93,0.2,(0.94%)
405,Axon Enterprise Inc,AXON,0.036855,194.33,-0.8,(-0.41%)
406,Cf Industries Holdings Inc,CF,0.03654,70.02,0.6,(0.86%)
407,Carmax Inc,KMX,0.036094,82.37,-1.34,(-1.59%)
408,Evergy Inc,EVRG,0.036042,58.83,0.41,(0.70%)
409,Nordson Corp,NDSN,0.035802,246.95,-1.23,(-0.50%)
410,Mgm Resorts International,MGM,0.035685,44.05,0.13,(0.28%)
411,Alliant Energy Corp,LNT,0.035413,53.04,0.56,(1.06%)
412,Udr Inc,UDR,0.035299,43.67,0.71,(1.66%)
413,Trimble Inc,TRMB,0.035271,52.16,-0.78,(-1.47%)
414,Fmc Corp,FMC,0.035151,106.12,1.78,(1.70%)
415,Live Nation Entertainment In,LYV,0.034628,91.81,0.7,(0.77%)
416,Masco Corp,MAS,0.034608,56.96,-0.42,(-0.73%)
417,Bio Techne Corp,TECH,0.03451,81.14,-0.49,(-0.60%)
418,Epam Systems Inc,EPAM,0.034504,229.39,4.64,(2.06%)
419,Citizens Financial Group,CFG,0.034297,26.3,0.22,(0.84%)
420,Packaging Corp of America,PKG,0.03324,132.69,0.53,(0.40%)
421,Molson Coors Beverage Co B,TAP,0.033072,66.23,0.39,(0.58%)
422,Jack Henry & Associates Inc,JKHY,0.032705,168.18,0.85,(0.51%)
423,Western Digital Corp,WDC,0.032554,38.54,0.61,(1.60%)
424,Viatris Inc,VTRS,0.032518,9.97,-0.01,(-0.11%)
425,Wr Berkley Corp,WRB,0.032483,59.7,0.14,(0.23%)
426,Kimco Realty Corp,KIM,0.032348,19.74,0.02,(0.08%)
427,Host Hotels & Resorts Inc,HST,0.032338,17.24,0.41,(2.41%)
428,Brown Forman Corp Class B,BF.B,0.032326,64.0,-2.78,(-4.16%)
429,Domino S Pizza Inc,DPZ,0.032307,334.32,-2.68,(-0.79%)
430,Leidos Holdings Inc,LDOS,0.032284,87.65,-0.83,(-0.94%)
431,Seagate Technology Holdings,STX,0.032272,62.14,0.27,(0.44%)
432,Camden Property Trust,CPT,0.032209,110.15,1.28,(1.17%)
433,Mosaic Co,MOS,0.031954,35.82,0.82,(2.34%)
434,Match Group Inc,MTCH,0.03144,42.14,0.29,(0.69%)
435,American Airlines Group Inc,AAL,0.031375,18.11,0.17,(0.94%)
436,Borgwarner Inc,BWA,0.031175,50.3,1.39,(2.84%)
437,Hormel Foods Corp,HRL,0.031134,41.22,1.0,(2.50%)
438,Incyte Corp,INCY,0.031013,62.84,0.59,(0.95%)
439,Loews Corp,L,0.030952,59.66,0.28,(0.47%)
440,Celanese Corp,CE,0.030878,116.95,1.15,(0.99%)
441,International Paper Co,IP,0.030733,31.98,0.17,(0.53%)
442,Teleflex Inc,TFX,0.030514,237.44,-4.59,(-1.90%)
443,Apa Corp,APA,0.029799,34.04,-0.14,(-0.40%)
444,C.H. Robinson Worldwide Inc,CHRW,0.029785,95.54,1.19,(1.26%)
445,Wynn Resorts Ltd,WYNN,0.029634,106.69,1.08,(1.02%)
446,Nisource Inc,NI,0.029599,27.07,-0.29,(-1.04%)
447,Healthpeak Properties Inc,PEAK,0.029539,20.67,0.57,(2.81%)
448,Henry Schein Inc,HSIC,0.029475,79.62,-1.48,(-1.83%)
449,Caesars Entertainment Inc,CZR,0.028981,50.75,-0.22,(-0.43%)
450,Charles River Laboratories,CRL,0.028761,208.72,-1.53,(-0.73%)
451,Gen Digital Inc,GEN,0.028563,18.34,-0.22,(-1.16%)
452,Allegion Plc,ALLE,0.028504,118.78,-1.24,(-1.03%)
453,Etsy Inc,ETSY,0.028459,85.13,0.52,(0.61%)
454,Pentair Plc,PNR,0.02837,63.98,-0.62,(-0.95%)
455,Tapestry Inc,TPR,0.027634,43.53,0.73,(1.70%)
456,Ceridian Hcm Holding Inc,CDAY,0.027429,65.76,-1.21,(-1.81%)
457,Qorvo Inc,QRVO,0.027387,101.25,-0.78,(-0.76%)
458,Universal Health Services B,UHS,0.027149,154.61,-3.16,(-2.00%)
459,Juniper Networks Inc,JNPR,0.026982,31.37,0.04,(0.11%)
460,Eastman Chemical Co,EMN,0.026943,85.7,1.98,(2.37%)
461,Rollins Inc,ROL,0.026602,42.53,-0.3,(-0.71%)
462,Globe Life Inc,GL,0.026466,110.28,0.66,(0.61%)
463,Marketaxess Holdings Inc,MKTX,0.026291,264.45,3.03,(1.16%)
464,Regency Centers Corp,REG,0.025571,62.4,0.63,(1.01%)
465,Smith (a.O.) Corp,AOS,0.024956,72.34,-0.44,(-0.60%)
466,Generac Holdings Inc,GNRC,0.024936,150.31,1.18,(0.79%)
467,Campbell Soup Co,CPB,0.02474,46.53,0.82,(1.79%)
468,Fox Corp Class A,FOXA,0.024614,34.31,0.31,(0.90%)
469,Pinnacle West Capital,PNW,0.0245,81.65,0.19,(0.24%)
470,Huntington Ingalls Industrie,HII,0.024213,228.67,1.07,(0.47%)
471,Norwegian Cruise Line Holdin,NCLH,0.024154,21.9,0.13,(0.57%)
472,Nrg Energy Inc,NRG,0.02351,35.78,-1.61,(-4.32%)
473,F5 Inc,FFIV,0.023275,144.07,-2.19,(-1.50%)
474,Keycorp,KEY,0.02318,9.64,0.4,(4.32%)
475,Dentsply Sirona Inc,XRAY,0.023156,39.61,-0.41,(-1.02%)
476,Bath & Body Works Inc,BBWI,0.022874,37.85,0.35,(0.92%)
477,Robert Half Intl Inc,RHI,0.022127,75.56,0.34,(0.45%)
478,Hasbro Inc,HAS,0.022099,64.39,-0.38,(-0.59%)
479,Whirlpool Corp,WHR,0.021679,148.92,0.13,(0.08%)
480,Boston Properties Inc,BXP,0.021677,58.54,0.95,(1.65%)
481,Bio Rad Laboratories A,BIO,0.021611,376.94,-2.18,(-0.57%)
482,Paramount Global Class B,PARA,0.021484,16.31,0.4,(2.51%)
483,Catalent Inc,CTLT,0.020984,44.0,0.64,(1.46%)
484,Franklin Resources Inc,BEN,0.020474,27.3,0.59,(2.19%)
485,Invesco Ltd,IVZ,0.02045,16.71,-0.1,(-0.59%)
486,News Corp Class A,NWSA,0.020329,19.55,0.05,(0.28%)
487,Westrock Co,WRK,0.019759,29.3,0.23,(0.79%)
488,Federal Realty Invs Trust,FRT,0.018996,97.4,0.63,(0.66%)
489,Assurant Inc,AIZ,0.017911,125.87,0.15,(0.12%)
490,Alaska Air Group Inc,ALK,0.017645,53.15,-0.03,(-0.06%)
491,Vf Corp,VFC,0.01695,19.15,0.06,(0.31%)
492,Dxc Technology Co,DXC,0.016416,26.89,0.17,(0.65%)
493,Sealed Air Corp,SEE,0.015872,40.46,0.46,(1.15%)
494,Davita Inc,DVA,0.014963,98.06,-2.41,(-2.40%)
495,Comerica Inc,CMA,0.014915,43.9,1.54,(3.64%)
496,Mohawk Industries Inc,MHK,0.014185,103.21,0.05,(0.04%)
497,Organon & Co,OGN,0.014055,20.82,0.01,(0.02%)
498,Ralph Lauren Corp,RL,0.013593,123.72,0.42,(0.34%)
499,Fox Corp Class B,FOX,0.011914,32.11,0.22,(0.69%)
500,Advance Auto Parts Inc,AAP,0.011372,71.0,0.7,(1.00%)
501,Zions Bancorp Na,ZION,0.010822,28.05,1.19,(4.45%)
502,Lincoln National Corp,LNC,0.010672,26.2,0.44,(1.71%)
503,Newell Brands Inc,NWL,0.008777,9.05,0.35,(3.97%)
504,News Corp Class B,NWS,0.006446,19.73,0.01,(0.05%)
